EXPORT STOCK OPNAME

Tanggal,2024-01-13 18:42:47
Filter by keyword:,
Stock Type:,All Stock
Operator:,Staf Warehouse / Warehouse Staff

No,KODE BARANG,INFO,NO.LOT,NO.ROLL,FS,QTY SUBITEM,RETUR,BALIK,TRANSIT PO,TRANSIT FS,QC PO,QC FS,PICK,STOK AKHIR,SATUAN,LOKASI,BRAND
1,AKELAKSA276,ELASTIS P6522 UK. 1.75 INCHI ( /  1ROLL = 48 YARD) - PUTIH,21,123,NO-FS,100,0,0,0,0,100,0,100,0,YD,A.A3.1,3second
2,AKELAKSA276,ELASTIS P6522 UK. 1.75 INCHI ( /  1ROLL = 48 YARD) - PUTIH,22,123,NO-FS,200,0,0,0,0,200,0,200,0,YD,A.A3.1,3second
3,AKELAKSA276,ELASTIS P6522 UK. 1.75 INCHI ( /  1ROLL = 48 YARD) - PUTIH,22,100,FREE SUPPLIER,50,0,0,0,0,0,50,50,0,YD,A.F2.4,Famo
4,AKELAKSA276,ELASTIS P6522 UK. 1.75 INCHI ( /  1ROLL = 48 YARD) - PUTIH,23,123,NO-FS,200,50,50,0,0,200,0,190,10,YD,A.A3.1,3second
5,AKELAKSA276,ELASTIS P6522 UK. 1.75 INCHI ( /  1ROLL = 48 YARD) - PUTIH,23,123,FREE SUPPLIER,50,0,0,0,50,0,0,0,0,YD,A.F2.4,Famo
6,AKSLEEPB308,SGL 157-18 LDS IMP GL-MAN02-FL /  -01 #99HHFWH9X1 #002 - TOSCA,2-2,324,NO-FS,75,0,0,75,0,0,0,0,0,PCS,A.A1.1,3second
7,AKSLEEPB308,SGL 157-18 LDS IMP GL-MAN02-FL /  -01 #99HHFWH9X1 #002 - TOSCA,2-2,324,NO-FS,56,0,0,56,0,0,0,0,0,PCS,A.A1.1,3second
8,AKSLEEPB308,SGL 157-18 LDS IMP GL-MAN02-FL /  -01 #99HHFWH9X1 #002 - TOSCA,2-2,324,NO-FS,469,0,0,469,0,0,0,0,0,PCS,A.A1.1,3second
9,AKZPHRPC121,ZP JEPANG (CONCEALED) NO. 3 /  UK.21 CM CLOSE END (BNB) - HITAM D580,1-1,1,NO-FS,25,0,0,25,0,0,0,0,0,PCS,A.A1.1,3second
10,AKZPHRPC121,ZP JEPANG (CONCEALED) NO. 3 /  UK.21 CM CLOSE END (BNB) - HITAM D580,1-2,1,NO-FS,25,0,0,25,0,0,0,0,0,PCS,A.A1.1,3second
11,AKZPHRPC121,ZP JEPANG (CONCEALED) NO. 3 /  UK.21 CM CLOSE END (BNB) - HITAM D580,1-3,3,FREE SUPPLIER,24,0,0,0,24,0,0,0,0,PCS,A.A1.1,3second
12,AKZPHRPC121,ZP JEPANG (CONCEALED) NO. 3 /  UK.21 CM CLOSE END (BNB) - HITAM D580,1-3,2,FREE SUPPLIER,5,0,0,0,5,0,0,0,0,PCS,A.A1.1,3second
13,AKZPHRPC121,ZP JEPANG (CONCEALED) NO. 3 /  UK.21 CM CLOSE END (BNB) - HITAM D580,1-3,1,FREE SUPPLIER,5,0,0,0,5,0,0,0,0,PCS,A.A1.1,3second
14,AKZPHRPC121,ZP JEPANG (CONCEALED) NO. 3 /  UK.21 CM CLOSE END (BNB) - HITAM D580,1-3,1,NO-FS,16,0,0,16,0,0,0,0,0,PCS,A.A1.1,3second
15,ASD002,ASD002ASD ASDASD 002 / KETERANGAN BARANG UNTUK ASD002,2-2,,NO-FS,50,0,0,0,0,50,0,50,0,KG,A.B3.2,3second
16,ASD002,ASD002ASD ASDASD 002 / KETERANGAN BARANG UNTUK ASD002,2-2,R34,NO-FS,603,0,0,0,0,603,0,603,0,KG,A.B3.2,3second
17,ASD002,ASD002ASD ASDASD 002 / KETERANGAN BARANG UNTUK ASD002,2-2,R34,NO-FS,47,8,8,0,0,47,0,47,0,KG,A.B3.3,3second
18,ASD003,ASD003 NAMA ASD ASD / KETERANGAN BAHAN DLL UNTUK BARANG ASD003,,,NO-FS,720,80,0,0,0,720,0,0,720,M,A.B2.4,3second
